{
  "0": 0.4444444477558136,
  "1": 0.2085561454296112,
  "2": 0.6971350908279419,
  "3": 0.24923548102378845,
  "4": 0.7174959778785706,
  "5": 0.5634028911590576,
  "6": 0.2363343983888626,
  "7": 0.2985074520111084,
  "8": 0.6096000075340271,
  "9": 0.5275362133979797,
  "10": 0.4618556797504425,
  "11": 0.06694560497999191,
  "12": 0.0,
  "13": 0.3885350227355957,
  "14": 0.7746478915214539,
  "15": 0.37931033968925476,
  "16": 0.9080843925476074,
  "17": 0.11330049484968185,
  "18": 0.4449760913848877,
  "19": 0.620525062084198,
  "20": 0.6549520492553711,
  "21": 0.019607843831181526,
  "22": 0.41450777649879456,
  "23": 0.6101484894752502,
  "24": 0.7173184156417847,
  "25": 0.6378947496414185,
  "26": 0.6685879230499268,
  "27": 0.6645691990852356,
  "28": 0.8820638656616211,
  "29": 0.03333333507180214,
  "30": 0.9267976880073547,
  "31": 0.3834080696105957,
  "32": 0.40963855385780334,
  "33": 0.44999998807907104,
  "34": 0.693776547908783,
  "35": 0.1388888955116272,
  "36": 0.7320573925971985,
  "37": 0.5821205973625183,
  "38": 0.7523364424705505,
  "39": 0.26022306084632874
}