{
  "0": 0.46296295523643494,
  "1": 0.2085561454296112,
  "2": 0.6971350908279419,
  "3": 0.24617737531661987,
  "4": 0.7196361422538757,
  "5": 0.5609951615333557,
  "6": 0.234726682305336,
  "7": 0.2985074520111084,
  "8": 0.6119999885559082,
  "9": 0.5275362133979797,
  "10": 0.45910653471946716,
  "11": 0.06694560497999191,
  "12": 0.0,
  "13": 0.3789809048175812,
  "14": 0.7746478915214539,
  "15": 0.37931033968925476,
  "16": 0.9098978638648987,
  "17": 0.11330049484968185,
  "18": 0.449760764837265,
  "19": 0.6181384325027466,
  "20": 0.6581469774246216,
  "21": 0.019607843831181526,
  "22": 0.41450777649879456,
  "23": 0.6113861203193665,
  "24": 0.7161080241203308,
  "25": 0.6357894539833069,
  "26": 0.6637848019599915,
  "27": 0.6665053367614746,
  "28": 0.8799578547477722,
  "29": 0.0416666679084301,
  "30": 0.9267976880073547,
  "31": 0.3766816258430481,
  "32": 0.40963855385780334,
  "33": 0.44090908765792847,
  "34": 0.6874116063117981,
  "35": 0.1388888955116272,
  "36": 0.7336522936820984,
  "37": 0.5821205973625183,
  "38": 0.7523364424705505,
  "39": 0.267657995223999
}