{
  "0": 0.37037035822868347,
  "1": 0.17112299799919128,
  "2": 0.7025920748710632,
  "3": 0.29204893112182617,
  "4": 0.6918138265609741,
  "5": 0.516853928565979,
  "6": 0.21061092615127563,
  "7": 0.28358209133148193,
  "8": 0.6032000184059143,
  "9": 0.5275362133979797,
  "10": 0.4460481107234955,
  "11": 0.071129709482193,
  "12": 0.0,
  "13": 0.42675158381462097,
  "14": 0.7605633735656738,
  "15": 0.48275861144065857,
  "16": 0.9140975475311279,
  "17": 0.10837438702583313,
  "18": 0.5023923516273499,
  "19": 0.6348448395729065,
  "20": 0.6932907104492188,
  "21": 0.03921568766236305,
  "22": 0.42227980494499207,
  "23": 0.6150990128517151,
  "24": 0.7120111584663391,
  "25": 0.5957894921302795,
  "26": 0.6580211520195007,
  "27": 0.6848983764648438,
  "28": 0.8894348740577698,
  "29": 0.0416666679084301,
  "30": 0.9220470786094666,
  "31": 0.34192824363708496,
  "32": 0.4337349534034729,
  "33": 0.5136363506317139,
  "34": 0.6775106191635132,
  "35": 0.1111111119389534,
  "36": 0.7320573925971985,
  "37": 0.5322245359420776,
  "38": 0.7710280418395996,
  "39": 0.27881041169166565
}