{
  "0": 0.4444444477558136,
  "1": 0.2085561454296112,
  "2": 0.6944065690040588,
  "3": 0.24464832246303558,
  "4": 0.7223113775253296,
  "5": 0.5642054677009583,
  "6": 0.234726682305336,
  "7": 0.2985074520111084,
  "8": 0.6128000020980835,
  "9": 0.530434787273407,
  "10": 0.4597938060760498,
  "11": 0.06276150792837143,
  "12": 0.0,
  "13": 0.3885350227355957,
  "14": 0.7746478915214539,
  "15": 0.37931033968925476,
  "16": 0.9054118394851685,
  "17": 0.11330049484968185,
  "18": 0.4449760913848877,
  "19": 0.6157518029212952,
  "20": 0.6581469774246216,
  "21": 0.019607843831181526,
  "22": 0.41709843277931213,
  "23": 0.6064356565475464,
  "24": 0.7184357643127441,
  "25": 0.6378947496414185,
  "26": 0.6666666865348816,
  "27": 0.6703775525093079,
  "28": 0.8813619017601013,
  "29": 0.0416666679084301,
  "30": 0.9274454712867737,
  "31": 0.37556055188179016,
  "32": 0.40963855385780334,
  "33": 0.44545453786849976,
  "34": 0.6881188154220581,
  "35": 0.1388888955116272,
  "36": 0.7320573925971985,
  "37": 0.5841996073722839,
  "38": 0.7523364424705505,
  "39": 0.24907062947750092
}