{
  "0": 0.4444444477558136,
  "1": 0.2085561454296112,
  "2": 0.695770800113678,
  "3": 0.24464832246303558,
  "4": 0.7158908247947693,
  "5": 0.562600314617157,
  "6": 0.23794212937355042,
  "7": 0.2985074520111084,
  "8": 0.6104000210762024,
  "9": 0.5275362133979797,
  "10": 0.45704466104507446,
  "11": 0.06694560497999191,
  "12": 0.0,
  "13": 0.3853503167629242,
  "14": 0.7746478915214539,
  "15": 0.37931033968925476,
  "16": 0.9065572023391724,
  "17": 0.11330049484968185,
  "18": 0.4449760913848877,
  "19": 0.6157518029212952,
  "20": 0.6549520492553711,
  "21": 0.019607843831181526,
  "22": 0.41450777649879456,
  "23": 0.6076732873916626,
  "24": 0.7218807935714722,
  "25": 0.6399999856948853,
  "26": 0.6637848019599915,
  "27": 0.6679574251174927,
  "28": 0.8813619017601013,
  "29": 0.03333333507180214,
  "30": 0.9272295236587524,
  "31": 0.38228699564933777,
  "32": 0.40963855385780334,
  "33": 0.44545453786849976,
  "34": 0.6852899789810181,
  "35": 0.1388888955116272,
  "36": 0.7352471947669983,
  "37": 0.5800415873527527,
  "38": 0.7523364424705505,
  "39": 0.267657995223999
}