{
  "0": 0.4444444477558136,
  "1": 0.2085561454296112,
  "2": 0.6971350908279419,
  "3": 0.24006116390228271,
  "4": 0.7185660600662231,
  "5": 0.5650080442428589,
  "6": 0.2363343983888626,
  "7": 0.2985074520111084,
  "8": 0.6136000156402588,
  "9": 0.5246376991271973,
  "10": 0.45704466104507446,
  "11": 0.06276150792837143,
  "12": 0.0,
  "13": 0.3917197585105896,
  "14": 0.7746478915214539,
  "15": 0.37931033968925476,
  "16": 0.9074162244796753,
  "17": 0.11330049484968185,
  "18": 0.449760764837265,
  "19": 0.6157518029212952,
  "20": 0.6549520492553711,
  "21": 0.019607843831181526,
  "22": 0.41709843277931213,
  "23": 0.6089109182357788,
  "24": 0.718342661857605,
  "25": 0.6399999856948853,
  "26": 0.6657060384750366,
  "27": 0.6694095134735107,
  "28": 0.8806598782539368,
  "29": 0.03333333507180214,
  "30": 0.9270135760307312,
  "31": 0.3856502175331116,
  "32": 0.40963855385780334,
  "33": 0.44090908765792847,
  "34": 0.6909476518630981,
  "35": 0.1388888955116272,
  "36": 0.7352471947669983,
  "37": 0.5800415873527527,
  "38": 0.7523364424705505,
  "39": 0.2639405131340027
}