{
  "0": 0.4444444477558136,
  "1": 0.2085561454296112,
  "2": 0.6971350908279419,
  "3": 0.2538226246833801,
  "4": 0.7191011309623718,
  "5": 0.5617977380752563,
  "6": 0.2331189662218094,
  "7": 0.2985074520111084,
  "8": 0.6104000210762024,
  "9": 0.530434787273407,
  "10": 0.46254295110702515,
  "11": 0.06694560497999191,
  "12": 0.0,
  "13": 0.3821656107902527,
  "14": 0.7746478915214539,
  "15": 0.37931033968925476,
  "16": 0.905602753162384,
  "17": 0.11330049484968185,
  "18": 0.4449760913848877,
  "19": 0.6229116916656494,
  "20": 0.6453673839569092,
  "21": 0.019607843831181526,
  "22": 0.41450777649879456,
  "23": 0.6076732873916626,
  "24": 0.7198324203491211,
  "25": 0.6378947496414185,
  "26": 0.6657060384750366,
  "27": 0.6674733757972717,
  "28": 0.881010890007019,
  "29": 0.03333333507180214,
  "30": 0.9270135760307312,
  "31": 0.38452914357185364,
  "32": 0.40963855385780334,
  "33": 0.44545453786849976,
  "34": 0.6888260245323181,
  "35": 0.1388888955116272,
  "36": 0.7336522936820984,
  "37": 0.5821205973625183,
  "38": 0.7523364424705505,
  "39": 0.27137547731399536
}