{
  "0": 0.4444444477558136,
  "1": 0.2085561454296112,
  "2": 0.6998635530471802,
  "3": 0.25229358673095703,
  "4": 0.7174959778785706,
  "5": 0.5593900680541992,
  "6": 0.234726682305336,
  "7": 0.2985074520111084,
  "8": 0.6079999804496765,
  "9": 0.530434787273407,
  "10": 0.46048110723495483,
  "11": 0.06694560497999191,
  "12": 0.0,
  "13": 0.3853503167629242,
  "14": 0.7746478915214539,
  "15": 0.37931033968925476,
  "16": 0.9084661602973938,
  "17": 0.11330049484968185,
  "18": 0.4449760913848877,
  "19": 0.6229116916656494,
  "20": 0.6485623121261597,
  "21": 0.019607843831181526,
  "22": 0.4119170904159546,
  "23": 0.6089109182357788,
  "24": 0.7201117277145386,
  "25": 0.6336842179298401,
  "26": 0.6647454500198364,
  "27": 0.6650532484054565,
  "28": 0.8824148774147034,
  "29": 0.03333333507180214,
  "30": 0.9270135760307312,
  "31": 0.3766816258430481,
  "32": 0.40963855385780334,
  "33": 0.44545453786849976,
  "34": 0.6859971880912781,
  "35": 0.1388888955116272,
  "36": 0.7336522936820984,
  "37": 0.5821205973625183,
  "38": 0.7523364424705505,
  "39": 0.2639405131340027
}