{
  "0": 0.4444444477558136,
  "1": 0.2085561454296112,
  "2": 0.6971350908279419,
  "3": 0.24617737531661987,
  "4": 0.7180310487747192,
  "5": 0.562600314617157,
  "6": 0.234726682305336,
  "7": 0.2985074520111084,
  "8": 0.6119999885559082,
  "9": 0.5275362133979797,
  "10": 0.4618556797504425,
  "11": 0.06694560497999191,
  "12": 0.0,
  "13": 0.3853503167629242,
  "14": 0.7746478915214539,
  "15": 0.37931033968925476,
  "16": 0.9092297554016113,
  "17": 0.11330049484968185,
  "18": 0.4449760913848877,
  "19": 0.6181384325027466,
  "20": 0.6581469774246216,
  "21": 0.019607843831181526,
  "22": 0.4196891188621521,
  "23": 0.6113861203193665,
  "24": 0.7154562473297119,
  "25": 0.6421052813529968,
  "26": 0.6676272749900818,
  "27": 0.6669893264770508,
  "28": 0.8803088665008545,
  "29": 0.03333333507180214,
  "30": 0.9265817403793335,
  "31": 0.38228699564933777,
  "32": 0.40963855385780334,
  "33": 0.44090908765792847,
  "34": 0.6867043972015381,
  "35": 0.1388888955116272,
  "36": 0.7320573925971985,
  "37": 0.5800415873527527,
  "38": 0.7523364424705505,
  "39": 0.267657995223999
}