{
  "0": 0.4444444477558136,
  "1": 0.2085561454296112,
  "2": 0.6930422782897949,
  "3": 0.2599388360977173,
  "4": 0.7158908247947693,
  "5": 0.5617977380752563,
  "6": 0.23954984545707703,
  "7": 0.2985074520111084,
  "8": 0.6111999750137329,
  "9": 0.530434787273407,
  "10": 0.4611683785915375,
  "11": 0.06694560497999191,
  "12": 0.0,
  "13": 0.3821656107902527,
  "14": 0.7746478915214539,
  "15": 0.37931033968925476,
  "16": 0.905602753162384,
  "17": 0.11330049484968185,
  "18": 0.449760764837265,
  "19": 0.6229116916656494,
  "20": 0.6517571806907654,
  "21": 0.019607843831181526,
  "22": 0.41709843277931213,
  "23": 0.6113861203193665,
  "24": 0.7192737460136414,
  "25": 0.6421052813529968,
  "26": 0.6676272749900818,
  "27": 0.6665053367614746,
  "28": 0.8820638656616211,
  "29": 0.03333333507180214,
  "30": 0.9265817403793335,
  "31": 0.3834080696105957,
  "32": 0.40963855385780334,
  "33": 0.44545453786849976,
  "34": 0.6817538738250732,
  "35": 0.1388888955116272,
  "36": 0.7336522936820984,
  "37": 0.5779625773429871,
  "38": 0.7523364424705505,
  "39": 0.267657995223999
}