{
  "0": 0.46296295523643494,
  "1": 0.2085561454296112,
  "2": 0.695770800113678,
  "3": 0.2538226246833801,
  "4": 0.716425895690918,
  "5": 0.5593900680541992,
  "6": 0.23794212937355042,
  "7": 0.2985074520111084,
  "8": 0.6111999750137329,
  "9": 0.5275362133979797,
  "10": 0.46048110723495483,
  "11": 0.06694560497999191,
  "12": 0.0,
  "13": 0.3853503167629242,
  "14": 0.7746478915214539,
  "15": 0.37931033968925476,
  "16": 0.9071298837661743,
  "17": 0.11330049484968185,
  "18": 0.4449760913848877,
  "19": 0.6181384325027466,
  "20": 0.6581469774246216,
  "21": 0.019607843831181526,
  "22": 0.4119170904159546,
  "23": 0.6089109182357788,
  "24": 0.7187150716781616,
  "25": 0.6421052813529968,
  "26": 0.6666666865348816,
  "27": 0.6674733757972717,
  "28": 0.8799578547477722,
  "29": 0.03333333507180214,
  "30": 0.9270135760307312,
  "31": 0.38228699564933777,
  "32": 0.40963855385780334,
  "33": 0.44090908765792847,
  "34": 0.6867043972015381,
  "35": 0.1388888955116272,
  "36": 0.7352471947669983,
  "37": 0.5821205973625183,
  "38": 0.7523364424705505,
  "39": 0.27137547731399536
}