{
  "0": 0.4444444477558136,
  "1": 0.2085561454296112,
  "2": 0.6944065690040588,
  "3": 0.24923548102378845,
  "4": 0.7174959778785706,
  "5": 0.5593900680541992,
  "6": 0.234726682305336,
  "7": 0.2985074520111084,
  "8": 0.607200026512146,
  "9": 0.530434787273407,
  "10": 0.46254295110702515,
  "11": 0.06694560497999191,
  "12": 0.0,
  "13": 0.38694268465042114,
  "14": 0.7746478915214539,
  "15": 0.37931033968925476,
  "16": 0.9069390296936035,
  "17": 0.11330049484968185,
  "18": 0.449760764837265,
  "19": 0.6252983212471008,
  "20": 0.6517571806907654,
  "21": 0.019607843831181526,
  "22": 0.41709843277931213,
  "23": 0.6101484894752502,
  "24": 0.7179701924324036,
  "25": 0.6357894539833069,
  "26": 0.6647454500198364,
  "27": 0.6689254641532898,
  "28": 0.8831169009208679,
  "29": 0.0416666679084301,
  "30": 0.9265817403793335,
  "31": 0.3834080696105957,
  "32": 0.40963855385780334,
  "33": 0.44545453786849976,
  "34": 0.6874116063117981,
  "35": 0.1388888955116272,
  "36": 0.7368420958518982,
  "37": 0.5841996073722839,
  "38": 0.7523364424705505,
  "39": 0.267657995223999
}