{
  "0": 0.4444444477558136,
  "1": 0.2085561454296112,
  "2": 0.6930422782897949,
  "3": 0.25229358673095703,
  "4": 0.7185660600662231,
  "5": 0.5609951615333557,
  "6": 0.234726682305336,
  "7": 0.2985074520111084,
  "8": 0.6079999804496765,
  "9": 0.530434787273407,
  "10": 0.4597938060760498,
  "11": 0.06276150792837143,
  "12": 0.0,
  "13": 0.38375794887542725,
  "14": 0.7746478915214539,
  "15": 0.37931033968925476,
  "16": 0.9077025651931763,
  "17": 0.11330049484968185,
  "18": 0.4449760913848877,
  "19": 0.6252983212471008,
  "20": 0.6485623121261597,
  "21": 0.019607843831181526,
  "22": 0.41450777649879456,
  "23": 0.6076732873916626,
  "24": 0.7179701924324036,
  "25": 0.6378947496414185,
  "26": 0.6685879230499268,
  "27": 0.6650532484054565,
  "28": 0.8824148774147034,
  "29": 0.0416666679084301,
  "30": 0.9272295236587524,
  "31": 0.3800448477268219,
  "32": 0.40963855385780334,
  "33": 0.44090908765792847,
  "34": 0.693776547908783,
  "35": 0.1388888955116272,
  "36": 0.7320573925971985,
  "37": 0.5800415873527527,
  "38": 0.7523364424705505,
  "39": 0.2565055787563324
}