{
  "0": 0.0,
  "1": 0.0,
  "2": 0.35061392188072205,
  "3": 0.0,
  "4": 0.05082932114601135,
  "5": 0.0040128412656486034,
  "6": 0.0,
  "7": 0.0,
  "8": 0.012799999676644802,
  "9": 0.0,
  "10": 0.16357387602329254,
  "11": 0.0,
  "12": 0.0,
  "13": 0.0,
  "14": 0.0,
  "15": 0.0,
  "16": 0.566192626953125,
  "17": 0.0,
  "18": 0.0,
  "19": 0.0,
  "20": 0.0,
  "21": 0.0,
  "22": 0.0025906735099852085,
  "23": 0.0,
  "24": 0.14273743331432343,
  "25": 0.0,
  "26": 0.02401537075638771,
  "27": 0.0004840271139983088,
  "28": 0.8448578715324402,
  "29": 0.0,
  "30": 0.00712589081376791,
  "31": 0.0,
  "32": 0.0,
  "33": 0.0,
  "34": 0.09688825905323029,
  "35": 0.0,
  "36": 0.04146730527281761,
  "37": 0.0,
  "38": 0.0,
  "39": 0.0
}