{
  "0": 0.42592594027519226,
  "1": 0.2513369023799896,
  "2": 0.7039563655853271,
  "3": 0.24617737531661987,
  "4": 0.6136971712112427,
  "5": 0.5690208673477173,
  "6": 0.22347266972064972,
  "7": 0.2761194109916687,
  "8": 0.6119999885559082,
  "9": 0.48115941882133484,
  "10": 0.41443300247192383,
  "11": 0.16736401617527008,
  "12": 0.0,
  "13": 0.5111464858055115,
  "14": 0.8450704216957092,
  "15": 0.4482758641242981,
  "16": 0.9239286184310913,
  "17": 0.14778324961662292,
  "18": 0.5311004519462585,
  "19": 0.6157518029212952,
  "20": 0.6932907104492188,
  "21": 0.019607843831181526,
  "22": 0.4481865167617798,
  "23": 0.6831682920455933,
  "24": 0.6884543895721436,
  "25": 0.7726315855979919,
  "26": 0.6628242135047913,
  "27": 0.6282671689987183,
  "28": 0.859950840473175,
  "29": 0.125,
  "30": 0.9235586524009705,
  "31": 0.37107622623443604,
  "32": 0.5180723071098328,
  "33": 0.5227272510528564,
  "34": 0.7701556086540222,
  "35": 0.1388888955116272,
  "36": 0.7910685539245605,
  "37": 0.6424116492271423,
  "38": 0.7616822719573975,
  "39": 0.2899628281593323
}