{
  "0": 0.4444444477558136,
  "1": 0.24598930776119232,
  "2": 0.7012278437614441,
  "3": 0.25076451897621155,
  "4": 0.6120920181274414,
  "5": 0.5690208673477173,
  "6": 0.2218649536371231,
  "7": 0.2761194109916687,
  "8": 0.6111999750137329,
  "9": 0.4840579628944397,
  "10": 0.4199312627315521,
  "11": 0.16736401617527008,
  "12": 0.0,
  "13": 0.506369411945343,
  "14": 0.8450704216957092,
  "15": 0.4367816150188446,
  "16": 0.9265056848526001,
  "17": 0.1428571492433548,
  "18": 0.5311004519462585,
  "19": 0.6133651733398438,
  "20": 0.6932907104492188,
  "21": 0.019607843831181526,
  "22": 0.4481865167617798,
  "23": 0.6819307208061218,
  "24": 0.6864990592002869,
  "25": 0.7747368216514587,
  "26": 0.6618635654449463,
  "27": 0.6171345710754395,
  "28": 0.8571428656578064,
  "29": 0.125,
  "30": 0.9257180094718933,
  "31": 0.37556055188179016,
  "32": 0.5180723071098328,
  "33": 0.5181818008422852,
  "34": 0.7694483995437622,
  "35": 0.1388888955116272,
  "36": 0.7862839102745056,
  "37": 0.6465696692466736,
  "38": 0.7616822719573975,
  "39": 0.2936803102493286
}