{
  "0": 0.35185185074806213,
  "1": 0.1871657818555832,
  "2": 0.6180081963539124,
  "3": 0.25076451897621155,
  "4": 0.6575708985328674,
  "5": 0.4911717474460602,
  "6": 0.22347266972064972,
  "7": 0.17164179682731628,
  "8": 0.5472000241279602,
  "9": 0.5188405513763428,
  "10": 0.41305842995643616,
  "11": 0.08368200808763504,
  "12": 0.0,
  "13": 0.4968152940273285,
  "14": 0.8028169274330139,
  "15": 0.4712643623352051,
  "16": 0.9186789989471436,
  "17": 0.08374384045600891,
  "18": 0.5071770548820496,
  "19": 0.5823389291763306,
  "20": 0.7188498377799988,
  "21": 0.0,
  "22": 0.3911917209625244,
  "23": 0.6188119053840637,
  "24": 0.7129422426223755,
  "25": 0.6526315808296204,
  "26": 0.7089337110519409,
  "27": 0.6945788860321045,
  "28": 0.8954018950462341,
  "29": 0.10833333432674408,
  "30": 0.930684506893158,
  "31": 0.28475335240364075,
  "32": 0.5301204919815063,
  "33": 0.5545454621315002,
  "34": 0.699434220790863,
  "35": 0.0833333358168602,
  "36": 0.7097288966178894,
  "37": 0.5488565564155579,
  "38": 0.7476635575294495,
  "39": 0.24535316228866577
}