{
  "0": 0.20370370149612427,
  "1": 0.05882352963089943,
  "2": 0.7039563655853271,
  "3": 0.06880734115839005,
  "4": 0.6147672533988953,
  "5": 0.437399685382843,
  "6": 0.08038584887981415,
  "7": 0.15671642124652863,
  "8": 0.5863999724388123,
  "9": 0.3913043439388275,
  "10": 0.4178694188594818,
  "11": 0.0041841003112494946,
  "12": 0.0,
  "13": 0.25796177983283997,
  "14": 0.5070422291755676,
  "15": 0.13793103396892548,
  "16": 0.9327097535133362,
  "17": 0.02463054098188877,
  "18": 0.2918660342693329,
  "19": 0.517899751663208,
  "20": 0.5207667946815491,
  "21": 0.0,
  "22": 0.16321243345737457,
  "23": 0.48762375116348267,
  "24": 0.6732774376869202,
  "25": 0.24421052634716034,
  "26": 0.579250693321228,
  "27": 0.5333978533744812,
  "28": 0.8560898303985596,
  "29": 0.0,
  "30": 0.9112502932548523,
  "31": 0.10762331634759903,
  "32": 0.3253012001514435,
  "33": 0.23181818425655365,
  "34": 0.7227723002433777,
  "35": 0.0,
  "36": 0.7113237380981445,
  "37": 0.3388773500919342,
  "38": 0.7570093274116516,
  "39": 0.14869888126850128
}