{
  "0": 0.4444444477558136,
  "1": 0.2513369023799896,
  "2": 0.7012278437614441,
  "3": 0.24006116390228271,
  "4": 0.6120920181274414,
  "5": 0.562600314617157,
  "6": 0.2218649536371231,
  "7": 0.2761194109916687,
  "8": 0.6128000020980835,
  "9": 0.4753623306751251,
  "10": 0.40893471240997314,
  "11": 0.1589958220720291,
  "12": 0.0,
  "13": 0.5,
  "14": 0.8450704216957092,
  "15": 0.4367816150188446,
  "16": 0.9226877689361572,
  "17": 0.15270936489105225,
  "18": 0.5358851552009583,
  "19": 0.6133651733398438,
  "20": 0.690095841884613,
  "21": 0.019607843831181526,
  "22": 0.4559585452079773,
  "23": 0.676980197429657,
  "24": 0.6981378197669983,
  "25": 0.7789473533630371,
  "26": 0.6560999155044556,
  "27": 0.6205227375030518,
  "28": 0.8525798320770264,
  "29": 0.125,
  "30": 0.9276614189147949,
  "31": 0.37556055188179016,
  "32": 0.5180723071098328,
  "33": 0.5227272510528564,
  "34": 0.7722772359848022,
  "35": 0.1666666716337204,
  "36": 0.7910685539245605,
  "37": 0.6424116492271423,
  "38": 0.7616822719573975,
  "39": 0.3011152446269989
}