{
  "0": 0.4444444477558136,
  "1": 0.24598930776119232,
  "2": 0.727148711681366,
  "3": 0.26758408546447754,
  "4": 0.6484751105308533,
  "5": 0.5056179761886597,
  "6": 0.22508038580417633,
  "7": 0.2761194109916687,
  "8": 0.5392000079154968,
  "9": 0.4753623306751251,
  "10": 0.4213058352470398,
  "11": 0.1171548143029213,
  "12": 0.0,
  "13": 0.493630588054657,
  "14": 0.8450704216957092,
  "15": 0.517241358757019,
  "16": 0.9363367557525635,
  "17": 0.15763546526432037,
  "18": 0.5693780183792114,
  "19": 0.6539379358291626,
  "20": 0.7188498377799988,
  "21": 0.03921568766236305,
  "22": 0.4455958604812622,
  "23": 0.6893564462661743,
  "24": 0.6710428595542908,
  "25": 0.7684210538864136,
  "26": 0.6647454500198364,
  "27": 0.6442400813102722,
  "28": 0.8725868463516235,
  "29": 0.1666666716337204,
  "30": 0.9183761477470398,
  "31": 0.38116592168807983,
  "32": 0.5662650465965271,
  "33": 0.5181818008422852,
  "34": 0.789957582950592,
  "35": 0.1944444477558136,
  "36": 0.7687400579452515,
  "37": 0.6424116492271423,
  "38": 0.7616822719573975,
  "39": 0.21561338007450104
}