{
  "0": 0.3333333432674408,
  "1": 0.24064171314239502,
  "2": 0.7039563655853271,
  "3": 0.21865443885326385,
  "4": 0.7223113775253296,
  "5": 0.42295345664024353,
  "6": 0.21543408930301666,
  "7": 0.3283582031726837,
  "8": 0.5248000025749207,
  "9": 0.5333333611488342,
  "10": 0.36082473397254944,
  "11": 0.05857740715146065,
  "12": 0.0,
  "13": 0.5095541477203369,
  "14": 0.8450704216957092,
  "15": 0.5632184147834778,
  "16": 0.9071298837661743,
  "17": 0.12807881832122803,
  "18": 0.559808611869812,
  "19": 0.6252983212471008,
  "20": 0.6325878500938416,
  "21": 0.03921568766236305,
  "22": 0.41709843277931213,
  "23": 0.6992574334144592,
  "24": 0.7139664888381958,
  "25": 0.7242105007171631,
  "26": 0.7089337110519409,
  "27": 0.7260406613349915,
  "28": 0.9069849252700806,
  "29": 0.1666666716337204,
  "30": 0.9129777550697327,
  "31": 0.3856502175331116,
  "32": 0.5903614163398743,
  "33": 0.5318182110786438,
  "34": 0.7864214777946472,
  "35": 0.1944444477558136,
  "36": 0.7575757503509521,
  "37": 0.6112266182899475,
  "38": 0.7429906725883484,
  "39": 0.371747225522995
}