{
  "0": 0.4444444477558136,
  "1": 0.24598930776119232,
  "2": 0.729877233505249,
  "3": 0.26452597975730896,
  "4": 0.6452648639678955,
  "5": 0.5088282227516174,
  "6": 0.2202572375535965,
  "7": 0.28358209133148193,
  "8": 0.5544000267982483,
  "9": 0.47826087474823,
  "10": 0.4288659691810608,
  "11": 0.10878661274909973,
  "12": 0.0,
  "13": 0.49522292613983154,
  "14": 0.8450704216957092,
  "15": 0.517241358757019,
  "16": 0.9394865036010742,
  "17": 0.14778324961662292,
  "18": 0.559808611869812,
  "19": 0.6587111949920654,
  "20": 0.7188498377799988,
  "21": 0.03921568766236305,
  "22": 0.4378238320350647,
  "23": 0.6893564462661743,
  "24": 0.666201114654541,
  "25": 0.7557894587516785,
  "26": 0.6637848019599915,
  "27": 0.6326234340667725,
  "28": 0.8645138740539551,
  "29": 0.14166666567325592,
  "30": 0.9205355048179626,
  "31": 0.36547085642814636,
  "32": 0.5662650465965271,
  "33": 0.5227272510528564,
  "34": 0.7927864193916321,
  "35": 0.1944444477558136,
  "36": 0.7623604536056519,
  "37": 0.6361746191978455,
  "38": 0.7570093274116516,
  "39": 0.21933086216449738
}