{
  "0": 0.20370370149612427,
  "1": 0.05882352963089943,
  "2": 0.6930422782897949,
  "3": 0.08868501335382462,
  "4": 0.6094167828559875,
  "5": 0.454253613948822,
  "6": 0.08199357241392136,
  "7": 0.16417910158634186,
  "8": 0.5888000130653381,
  "9": 0.40289855003356934,
  "10": 0.4309278428554535,
  "11": 0.0041841003112494946,
  "12": 0.0,
  "13": 0.256369411945343,
  "14": 0.5070422291755676,
  "15": 0.13793103396892548,
  "16": 0.9234513640403748,
  "17": 0.019704433158040047,
  "18": 0.2918660342693329,
  "19": 0.5202863812446594,
  "20": 0.5271565318107605,
  "21": 0.0,
  "22": 0.17357513308525085,
  "23": 0.4900990128517151,
  "24": 0.6959031820297241,
  "25": 0.2484210580587387,
  "26": 0.580211341381073,
  "27": 0.5208131670951843,
  "28": 0.8581958413124084,
  "29": 0.0,
  "30": 0.9067156314849854,
  "31": 0.1165919303894043,
  "32": 0.2530120611190796,
  "33": 0.20909090340137482,
  "34": 0.7241867184638977,
  "35": 0.0,
  "36": 0.720893144607544,
  "37": 0.34927234053611755,
  "38": 0.7616822719573975,
  "39": 0.13011153042316437
}