{
  "model": "gps",
  "best_val_acc": 0.6391489647303601,
  "best_epoch": 92,
  "test_acc": 0.6347756311338806,
  "epochs_ran": 142,
  "train_loss": [
    3.5368399140995805,
    3.1160750956903476,
    2.90617719541799,
    2.755740409660782,
    2.647673691395656,
    2.579857525816744,
    2.5351389992579354,
    2.4766264197743566,
    2.4510193265028013,
    2.3919328066004995,
    2.3649202401125677,
    2.3268019395693536,
    2.3474600873027707,
    2.253495095882924,
    2.227168572780603,
    2.2347331273139037,
    2.185922705459686,
    2.1904950151115403,
    2.1639769598072367,
    2.1630930809122835,
    2.1054135372306773,
    2.1152346814722565,
    2.108518126304759,
    2.106723201207888,
    2.0768781668327847,
    2.078337645089209,
    2.0779739981358767,
    2.037626939134828,
    2.0482630117859415,
    2.0124599594142385,
    1.9999060271902886,
    1.976932315232159,
    2.005749624364129,
    2.0065916819154603,
    1.984420809523627,
    1.9616633953063294,
    1.9363907324692464,
    2.0378182615679967,
    1.9534210881640426,
    1.9600132663682468,
    1.9150386328433253,
    1.930130311280351,
    1.9023061090608875,
    1.8749128101577037,
    1.8930606954963507,
    1.9316585473303753,
    1.9443920415351033,
    1.903625230810892,
    1.900068048946963,
    1.8849223615557151,
    1.8634056594190873,
    1.9027482268618654,
    1.8899897247914337,
    1.8497183278390297,
    1.874686413897915,
    1.8793751265191219,
    1.881062666901295,
    1.8163999389481866,
    1.8183179052825564,
    1.8287264888425356,
    1.926521863462827,
    1.8206521569427394,
    1.8188760169639795,
    1.8101184270737978,
    1.816330610083613,
    1.8346581104836217,
    1.7969513437468247,
    1.8441747393081764,
    1.7869661653966376,
    1.8035447095837844,
    1.804692918613157,
    1.824339701647079,
    1.7911251012012503,
    1.792573473420908,
    1.7942621077801026,
    1.770274809689856,
    1.771185233123155,
    1.8121993279975137,
    1.7880619109686915,
    1.7469592141064425,
    1.7608553776544034,
    1.7775466153395185,
    1.7492439013781365,
    1.744710294002448,
    1.7644541424060163,
    1.7852527333813246,
    1.7718622572496798,
    1.7769323021435317,
    1.7456128660035748,
    1.7265830308779304,
    1.756855816497475,
    1.7022194020526553,
    1.7692618811744392,
    1.771488326793323,
    1.7348829535430816,
    1.7071572213532948,
    1.7312407993946284,
    1.7505081648632779,
    1.74402092789335,
    1.721403767743113,
    1.7183638213157728,
    1.709764884769313,
    1.7670082090742296,
    1.8680981414679563,
    1.8163401837715503,
    1.7658515290775854,
    1.7362925564419165,
    1.7193513810120107,
    1.7259774087425497,
    1.6869788952341802,
    1.7202665635479277,
    1.6733393604294169,
    1.6707334698883138,
    1.6692464529495998,
    1.6893634515438856,
    1.718609664687275,
    1.7067698349591272,
    1.714416779364966,
    1.6926248837592355,
    1.7298995915508792,
    1.683090916463199,
    1.7307128672618617,
    1.706231973666562,
    1.797644524897612,
    1.6931367816172862,
    1.6723145952191016,
    1.69420344094426,
    1.6604337646656546,
    1.6903342992259702,
    1.790038889872585,
    1.6886067675864649,
    1.7027434631340725,
    1.7204461502636403,
    1.7078290079506477,
    1.7562106971558988,
    1.6768154794776762,
    1.6462802879723766,
    1.6413843424654275,
    1.6315177232205655,
    1.638987006712704,
    1.738503350077119,
    1.6483549542834133
  ],
  "train_acc": [
    0.12863284986969573,
    0.22166019727075797,
    0.2583323253538008,
    0.30166811449181336,
    0.33692174046909534,
    0.36037650784574615,
    0.3690414664452777,
    0.39309002540108423,
    0.40159004189529474,
    0.42253768927106583,
    0.4280687478694978,
    0.43966967594374373,
    0.43164249348478684,
    0.4602214622667444,
    0.46926028963833694,
    0.46239869805698197,
    0.47647375771104344,
    0.477364445079777,
    0.4844569556085814,
    0.4887894349083472,
    0.5006102857896878,
    0.5022597068428981,
    0.4966736675426925,
    0.5004563398247215,
    0.5081756303537458,
    0.5045579001770378,
    0.5062513057916671,
    0.5132448510572789,
    0.5169725426375342,
    0.5171924654446289,
    0.5260663507109005,
    0.5282325903607834,
    0.5223716475517094,
    0.5196885893051539,
    0.5254835552720994,
    0.5339395872048911,
    0.5379421822940148,
    0.5142125114084957,
    0.533488745450347,
    0.533235834222188,
    0.5438910942259267,
    0.5399104914175125,
    0.5446828163314676,
    0.5471129633498641,
    0.5466071408935463,
    0.5397785377332557,
    0.537062491065636,
    0.5456064921212654,
    0.5476847626483105,
    0.55060973598267,
    0.5514894272110489,
    0.545001704401755,
    0.5508076665090553,
    0.5562397598442946,
    0.5524240991412014,
    0.5512255198425353,
    0.5511595430004068,
    0.5631453359870685,
    0.5632882858116801,
    0.5634202394959369,
    0.5338626142224079,
    0.5625515444079128,
    0.5618257991445003,
    0.5626175212500413,
    0.5644648728296368,
    0.5604182931790941,
    0.5713154682706371,
    0.5578232040553766,
    0.5650916528298567,
    0.5643988959875084,
    0.5661472823039113,
    0.5612539998460541,
    0.5658064019529145,
    0.5674338307254154,
    0.5675767805500269,
    0.5710735531828328,
    0.5734927040608746,
    0.5650366721280831,
    0.5684784640591153,
    0.5801233766947801,
    0.5747022794998955,
    0.5731958082712968,
    0.5750431598508924,
    0.5804312686247127,
    0.5704797616036771,
    0.5724700630078843,
    0.571898263709438,
    0.5713704489724107,
    0.5815968595023147,
    0.5810800409056421,
    0.5711945107267349,
    0.5860612924863373,
    0.5721511749375969,
    0.5731848121309421,
    0.5808271296774832,
    0.5838400721346807,
    0.5802223419579727,
    0.5747462640613145,
    0.5773413531850321,
    0.5810250602038685,
    0.5823116086253725,
    0.581750805467281,
    0.5726240089728505,
    0.5572624008972851,
    0.5650146798473735,
    0.5782430366941204,
    0.5806731837125169,
    0.5839390373978733,
    0.5858743581003067,
    0.5909105903827756,
    0.579837477045557,
    0.5930878261730133,
    0.5895140805577243,
    0.593516675646848,
    0.586116273188111,
    0.5829603809063019,
    0.5819927205550852,
    0.5789797780978876,
    0.5904927370492957,
    0.5835871609065219,
    0.5902068374000726,
    0.5787928437118571,
    0.5841479640646133,
    0.5706007191475791,
    0.5883155012590581,
    0.5933737258222364,
    0.5858193773985331,
    0.5921641503832155,
    0.5884914395047338,
    0.5664991587952629,
    0.5903937717861031,
    0.5883045051187034,
    0.5841699563453228,
    0.5834222188012008,
    0.5761427738863659,
    0.5942534170506152,
    0.5981790391572558,
    0.599124707227763,
    0.6008401051231018,
    0.5984539426661242,
    0.5757908973950143,
    0.5942754093313247
  ],