{
  "model": "gps",
  "best_val_acc": 0.6634786402228263,
  "best_epoch": 100,
  "test_acc": 0.6440754685924737,
  "epochs_ran": 200,
  "train_loss": [
    3.395212041473225,
    2.9205582587169276,
    2.720277488954588,
    2.555785814896592,
    2.424810294269135,
    2.3395177726820795,
    2.2337742845306963,
    2.1051323188148086,
    2.082924706252593,
    2.0332089355972136,
    1.954278507105357,
    1.8918226061150871,
    1.941854413486576,
    1.8201771206882043,
    1.7276943784758356,
    1.6941949129694494,
    1.6788645863324596,
    1.6634233935828011,
    1.5675490659396216,
    1.5538970364916167,
    1.4836175908480373,
    1.426679734874829,
    1.4607341459123566,
    1.4314080335379993,
    1.4072339359984947,
    1.387883591450178,
    1.340316188801292,
    1.3435750070562922,
    1.3167253647568298,
    1.3254507493741283,
    1.3277439556718416,
    1.3205208547895986,
    1.269097840698416,
    1.2496502927301023,
    1.2447762273940939,
    1.235290255058255,
    1.3049875104257322,
    1.2332796920538853,
    1.2192942934088373,
    1.176535287650404,
    1.1640900265570004,
    1.1785970918216557,
    1.1566666146637437,
    1.154170986163231,
    1.1579951084260098,
    1.2226579891145049,
    1.1546532099248106,
    1.163311908712035,
    1.153208785537439,
    1.1570975899295233,
    1.1108539129007189,
    1.0942427826640047,
    1.0826042340276865,
    1.1009987120105802,
    1.081565348688004,
    1.0762719271950931,
    1.1021580782261053,
    1.0706861010692699,
    1.0633961651202033,
    1.0559864306534832,
    1.0412562869988051,
    1.03123141097862,
    1.0132646376947874,
    1.0149676217874986,
    1.0244633100700837,
    1.022181995281769,
    1.033636980955948,
    1.023394110997068,
    1.0415203722000876,
    1.075519029405771,
    1.0261049901957646,
    1.0042581620492539,
    0.9743150835020007,
    0.978803850311814,
    0.9865216886745803,
    0.9831246833918669,
    0.9527185295786954,
    0.968264482277431,
    0.9638246453787186,
    0.9623700599904474,
    0.942070857089722,
    0.9588723040464966,
    1.3871256111354828,
    1.2937175815388398,
    1.1025261480209125,
    1.0230494028885582,
    0.9804446326699376,
    0.9575933790646959,
    0.9360056773333267,
    0.9279107185885238,
    0.9137402076761093,
    0.9094437220221616,
    0.9049848876482653,
    0.9035385492997181,
    0.9325218654133363,
    0.9141782473323514,
    0.8910973458291621,
    0.8858337120876462,
    0.882002514216546,
    0.8730585437825823,
    0.8747470171572612,
    0.8930550276046156,
    0.8758269477463533,
    0.8781452040625191,
    0.879120245308657,
    0.8749206292687706,
    0.8784585496319645,
    0.8737911634407124,
    0.8655141182738257,
    0.860150060104601,
    0.8607642355340347,
    0.8331890042179645,
    0.8318255576053829,
    0.8372268115760004,
    0.8264995641983703,
    0.8324520877309194,
    0.8175511195457873,
    0.8292832474534294,
    0.849086254939013,
    0.8272181106080893,
    0.8110603369050078,
    0.8240893887946683,
    0.8116597060890287,
    0.8215797434303057,
    0.8228018113136307,
    0.8145063277112975,
    0.8211685306835235,
    0.7927649678991502,
    0.791172660226495,
    0.8035245174592353,
    0.8114951340576941,
    0.7921276631177248,
    0.8064466213638877,
    0.8429522134461227,
    0.8047528078345382,
    0.7847063709003513,
    0.7751737625887083,
    0.7862997769734644,
    0.7850904900085105,
    0.7887297286718031,
    0.7816432475341746,
    0.7693383348966542,
    0.766326877066097,
    0.7659913345918551,
    0.7643413008975917,
    0.772392976160939,
    0.7504876388302197,
    0.7495674159285604,
    0.7520748422509498,
    0.7356950394820142,
    0.7331435014507844,
    0.761011033390347,
    0.7363534906892155,
    0.7487466240326123,
    0.7455582461667943,
    0.7518584827389785,
    0.745734135721241,
    0.7404981437843228,
    0.7449494364891722,
    0.7661316235128958,
    0.7230507223489654,
    0.7254595674455662,
    0.7034998527982703,
    0.7040426401219825,
    0.7051332794080118,
    0.7052949121876358,
    0.6983409865395688,
    0.7046239929951328,
    0.6863331988815493,
    0.6998360629329003,
    0.7094250828248274,
    0.7236015967601739,
    0.6960567723842077,
    0.6967172913540136,
    0.6832524617834396,
    0.6817488057713967,
    0.686333700805931,
    0.7025509434298544,
    0.7103386267091764,
    0.700120401081477,
    0.6853058217351523,
    0.6621429452340609,
    0.6632210242423303,
    0.6601434237276398,
    0.6736346848991579,
    0.678448319032855,
    0.6794761443571421,
    0.689548214625698,
    0.6839708526666615,
    0.6759336286441809,
    0.6558278065064093,
    0.6372146861268098,
    0.637156089348037,
    0.6479113841824715,
    0.6761804067230979,
    0.6819367563743132,
    0.6586855686379699,
    0.6657864051106709,
    0.673361094640386,
    0.6709848686200188
  ],