{
  "model": "gps",
  "best_val_acc": 0.694620624853183,
  "best_epoch": 70,
  "test_acc": 0.6791761825401724,
  "epochs_ran": 100,
  "train_loss": [
    2.830463350131819,
    2.1552854446102674,
    1.9182330473060178,
    1.8888079894766026,
    1.7818678020506826,
    1.720847722781192,
    1.6806050622569797,
    1.6423532870646873,
    1.6040078421293724,
    1.5326780280384102,
    1.5254434370643,
    1.5186360248046906,
    1.4919754430443404,
    1.4664846905970808,
    1.479105376176513,
    1.405060205827312,
    1.4355089920184856,
    1.413244057006562,
    1.3631854316688334,
    1.413479979737101,
    1.3909235176459815,
    1.3420250024895786,
    1.3568843838934983,
    1.3622779708474337,
    1.283978393413793,
    1.384590728147571,
    1.3143474129217616,
    1.2829243064987168,
    1.247758537160914,
    1.2984934402654413,
    1.2452513385429358,
    1.2585070117662642,
    1.2707149952008086,
    1.2435051756447526,
    1.2391692505894678,
    1.2145391601776125,
    1.2360242842517646,
    1.226532246377624,
    1.247624384209392,
    1.2022609889013762,
    1.2475254415084132,
    1.2148171459782624,
    1.18625114629556,
    1.2588618160148797,
    1.1920927463798634,
    1.1713620503425828,
    1.1985068352314647,
    1.1707151750303832,
    1.1388430997747818,
    1.2031991019807486,
    1.1863629636201283,
    1.2074114024259641,
    1.130324884362517,
    1.1252183170176824,
    1.129188610396582,
    1.1794035605558395,
    1.130409082070784,
    1.1229263452730056,
    1.1387113709641727,
    1.138466328725605,
    1.1423979743829644,
    1.117628803032664,
    1.1096919052060086,
    1.0976716195598062,
    1.132173645601367,
    1.1389634315914943,
    1.1290914838345334,
    1.0936056400265346,
    1.0846529829144378,
    1.048412414183499,
    1.1123426263174883,
    1.0931033544993904,
    1.0725985371227953,
    1.0993194570194376,
    1.0877920050847074,
    1.0854066980164179,
    1.1408578670855551,
    1.1147086117845717,
    1.0626801412176425,
    1.1081818001389923,
    1.1230869120725735,
    1.0867215487991109,
    1.1195674634847836,
    1.1307114107036926,
    1.1062629144887877,
    1.0861386807036106,
    1.094808411655096,
    1.0334597173676576,
    1.0571320008571428,
    1.054757812159333,
    1.0660939227487205,
    1.082656760336278,
    1.022522798347811,
    1.0359995018811792,
    1.0706514722709142,
    1.0404088069001516,
    1.0071694641901308,
    1.0623223420186532,
    1.0992868176572674,
    1.0395066935502153
  ],
  "train_acc": [
    0.30120627659691446,
    0.4319723776954289,
    0.4872829636797484,
    0.4864802454338527,
    0.5073399236867859,
    0.5244939026401733,
    0.5353800815913614,
    0.5445728549279203,
    0.5523251338780089,
    0.5727669587974621,
    0.5740425110786114,
    0.5743174145874798,
    0.5798924577473307,
    0.5872048910832298,
    0.5794856005542055,
    0.6005102209124598,
    0.5951441044193488,
    0.5989487689820873,
    0.6104727240738501,
    0.6040839665277488,
    0.6044798275805192,
    0.6154979602159641,
    0.6122101142498982,
    0.6163226707425694,
    0.6290012205715794,
    0.6074927700377167,
    0.6260102703950913,
    0.6296280005717994,
    0.6398104265402843,
    0.6263181623250239,
    0.6381829977677835,
    0.635378981977326,
    0.6336086033802135,
    0.6386008511012634,
    0.6400193532070243,
    0.6459132844371626,
    0.639700465136737,
    0.6442198788225333,
    0.6373033065394047,
    0.6490361882979074,
    0.6411849440846263,
    0.6491351535611001,
    0.652587941632487,
    0.6351810514509407,
    0.6542153704049879,
    0.6571403437393475,
    0.6517742272462366,
    0.6600983054947713,
    0.6649805918122739,
    0.648266458473076,
    0.6575472009324727,
    0.6527418875974533,
    0.6682134570765661,
    0.6718971640954026,
    0.6675316963745725,
    0.6558867837389076,
    0.6675976732167009,
    0.6692031097084923,
    0.6648706304087265,
    0.6650465686544023,
    0.665684344794977,
    0.6737555118153528,
    0.6747121760262148,
    0.6746681914647958,
    0.6688072486557218,
    0.6673887465499609,
    0.6678615805852146,
    0.6771863076060303,
    0.6807930416423835,
    0.6903816760317129,
    0.6729747858501666,
    0.6763835893601345,
    0.6829262928712022,
    0.6783958830450512,
    0.6783299062029228,
    0.6788577209399501,
    0.6645407461980845,
    0.675448917429982,
    0.6830362542747496,
    0.6745582300612485,
    0.6723699981306561,
    0.6806500918177719,
    0.673458616025775,
    0.6670698584796736,
    0.675448917429982,
    0.6842128412927062,
    0.6796384469051363,
    0.6944282556822555,
    0.6844217679594462,
    0.6862471272583324,
    0.6862251349776228,
    0.6821015823445971,
    0.6948790974367997,
    0.6922180314709537,
    0.6858402700652071,
    0.6920310970849232,
    0.6984308507713792,
    0.6852464784860514,
    0.6783189100625681,
    0.6922070353305989
  ],
  "val_acc": [
    0.42511493674284373,
    0.5850531897043525,
    0.595389107017014,
    0.5482063156481761,
    0.5834423973958858,
    0.585959260377865,
    0.5599181180576529,
    0.6060606060606061,
    0.6354240075170308,
    0.5990469478841571,
    0.633779657035471,
    0.6271686969361387,
    0.6090472834658881,
    0.6311285613611195,
    0.6498875801201383,
    0.6443504815597839,
    0.6535454209872814,
    0.6469680190610423,
    0.6425383402127588,
    0.6637135474344776,
    0.6281418839558375,
    0.6320346320346321,
    0.6588140541628914,
    0.63673277626766,
    0.6501224873317897,
    0.6674720628209,
    0.6703580657069029,
    0.6581093325279371,
    0.6702909493607168,
    0.6442162488674117,
    0.6707272056109266,
    0.6604584046444512,
    0.6777744219604684,
    0.6808617738850297,
    0.6364643108829156,
    0.6725057887848586,
    0.6692842041679251,
    0.672807812342696,
    0.6661968522433639,
    0.6677069700325514,
    0.663881338299943,
    0.6602234974327997,
    0.6649551998389208,
    0.6593174267592872,
    0.6696869022450418,
    0.6753917916708614,
    0.659820799355683,
    0.6468337863686701,
    0.6801234940769825,
    0.6651565488774791,
    0.6707943219571126,
    0.6689150642639015,
    0.6791503070572839,
    0.6773717238833518,
    0.6722708815732071,
    0.6391154065572671,
    0.6766670022483976,
    0.6829088224437062,
    0.6815329373468908,
    0.6626061277224068,
    0.6534111882949092,
    0.678613376287795,
    0.6736132084969294,
    0.673344743112185,
    0.6589818450283567,
    0.6507936507936508,
    0.665659921473875,
    0.6676398536863654,
    0.6921373200442967,
    0.694620624853183,
    0.6616664988758012,
    0.6531091647370717,
    0.681667170039263,
    0.6752240008053961,
    0.6796872378267728,
    0.6754253498439545,
    0.6712641363804155,
    0.6811637974428673,
    0.6652907815698513,
    0.6573374945467969,
    0.6608611027215678,
    0.6741836974395113,
    0.6278063022249069,
    0.682774589751334,
    0.674586395516628,
    0.6803919594617269,
    0.6749890935937447,
    0.6688815060908084,
    0.6750226517668378,
    0.6706936474378334,
    0.6703245075338099,
    0.6734454176314641,
    0.6761300714789087,
    0.6770697003255143,
    0.6709285546494849,
    0.6734454176314641,
    0.6849223128292896,
    0.6622705459914763,
    0.6835464277324742,
    0.6695526695526696
  ]
}