{
  "0": 0.2222222238779068,
  "1": 0.1871657818555832,
  "2": 0.6575716137886047,
  "3": 0.22477063536643982,
  "4": 0.6591760516166687,
  "5": 0.4117175042629242,
  "6": 0.32958200573921204,
  "7": 0.20895522832870483,
  "8": 0.7376000285148621,
  "9": 0.4985507130622864,
  "10": 0.3484536111354828,
  "11": 0.04184100404381752,
  "12": 0.0,
  "13": 0.3757961690425873,
  "14": 0.5211267471313477,
  "15": 0.25287356972694397,
  "16": 0.9024530053138733,
  "17": 0.08866994827985764,
  "18": 0.24401913583278656,
  "19": 0.5823389291763306,
  "20": 0.5335463285446167,
  "21": 0.0,
  "22": 0.2953367829322815,
  "23": 0.6349009871482849,
  "24": 0.553445041179657,
  "25": 0.6884210705757141,
  "26": 0.5648415088653564,
  "27": 0.5808325409889221,
  "28": 0.7595647573471069,
  "29": 0.01666666753590107,
  "30": 0.8024184703826904,
  "31": 0.4002242088317871,
  "32": 0.21686747670173645,
  "33": 0.3636363744735718,
  "34": 0.7086279988288879,
  "35": 0.02777777798473835,
  "36": 0.6523125767707825,
  "37": 0.322245329618454,
  "38": 0.6962617039680481,
  "39": 0.26022306084632874
}