{
  "0": 0.03703703731298447,
  "1": 0.0,
  "2": 0.6289222240447998,
  "3": 0.08562690764665604,
  "4": 0.6720170974731445,
  "5": 0.3972712755203247,
  "6": 0.041800644248723984,
  "7": 0.06716418266296387,
  "8": 0.5432000160217285,
  "9": 0.24637681245803833,
  "10": 0.3580755889415741,
  "11": 0.0,
  "12": 0.0,
  "13": 0.36624205112457275,
  "14": 0.19718310236930847,
  "15": 0.03448275849223137,
  "16": 0.862651526927948,
  "17": 0.0,
  "18": 0.3253588378429413,
  "19": 0.37470167875289917,
  "20": 0.35782748460769653,
  "21": 0.0,
  "22": 0.02590673603117466,
  "23": 0.40594059228897095,
  "24": 0.6824953556060791,
  "25": 0.10947368294000626,
  "26": 0.3765609860420227,
  "27": 0.6582768559455872,
  "28": 0.8845208883285522,
  "29": 0.0,
  "30": 0.8732455372810364,
  "31": 0.1233183890581131,
  "32": 0.1204819306731224,
  "33": 0.0,
  "34": 0.6159830093383789,
  "35": 0.0,
  "36": 0.6746411323547363,
  "37": 0.395010381937027,
  "38": 0.0,
  "39": 0.0
}