{
  "0": 0.29629629850387573,
  "1": 0.25668448209762573,
  "2": 0.6357434988021851,
  "3": 0.23547400534152985,
  "4": 0.6795077323913574,
  "5": 0.5666131377220154,
  "6": 0.2218649536371231,
  "7": 0.26865673065185547,
  "8": 0.6007999777793884,
  "9": 0.5043478012084961,
  "10": 0.4268041253089905,
  "11": 0.1841004192829132,
  "12": 0.0,
  "13": 0.4792993664741516,
  "14": 0.6901408433914185,
  "15": 0.4712643623352051,
  "16": 0.903216540813446,
  "17": 0.1231527104973793,
  "18": 0.440191388130188,
  "19": 0.584725558757782,
  "20": 0.6613418459892273,
  "21": 0.0,
  "22": 0.393782377243042,
  "23": 0.6608911156654358,
  "24": 0.6289571523666382,
  "25": 0.7557894587516785,
  "26": 0.6820365190505981,
  "27": 0.6873185038566589,
  "28": 0.8838188648223877,
  "29": 0.01666666753590107,
  "30": 0.8887929320335388,
  "31": 0.44170403480529785,
  "32": 0.4819277226924896,
  "33": 0.48181816935539246,
  "34": 0.6895332336425781,
  "35": 0.0833333358168602,
  "36": 0.7416267991065979,
  "37": 0.5155925154685974,
  "38": 0.7616822719573975,
  "39": 0.2118959128856659
}