{
  "0": 0.5,
  "1": 0.2192513346672058,
  "2": 0.7162346243858337,
  "3": 0.20795106887817383,
  "4": 0.6163724064826965,
  "5": 0.5521669387817383,
  "6": 0.24276527762413025,
  "7": 0.29104477167129517,
  "8": 0.602400004863739,
  "9": 0.5246376991271973,
  "10": 0.38969072699546814,
  "11": 0.033472802489995956,
  "12": 0.0,
  "13": 0.4665605127811432,
  "14": 0.591549277305603,
  "15": 0.2298850566148758,
  "16": 0.8847952485084534,
  "17": 0.07389162480831146,
  "18": 0.3971291780471802,
  "19": 0.6706444025039673,
  "20": 0.6932907104492188,
  "21": 0.019607843831181526,
  "22": 0.46113988757133484,
  "23": 0.5495049357414246,
  "24": 0.5917132496833801,
  "25": 0.7621052861213684,
  "26": 0.6820365190505981,
  "27": 0.6878024935722351,
  "28": 0.8883818984031677,
  "29": 0.008333333767950535,
  "30": 0.8957028985023499,
  "31": 0.5852017998695374,
  "32": 0.2650602459907532,
  "33": 0.6590909361839294,
  "34": 0.6195191144943237,
  "35": 0.02777777798473835,
  "36": 0.6411483287811279,
  "37": 0.3596673607826233,
  "38": 0.7009345889091492,
  "39": 0.2936803102493286
}