{
  "0": 0.3333333432674408,
  "1": 0.2513369023799896,
  "2": 0.6302865147590637,
  "3": 0.2431192696094513,
  "4": 0.675762414932251,
  "5": 0.5682182908058167,
  "6": 0.23794212937355042,
  "7": 0.31343284249305725,
  "8": 0.6015999913215637,
  "9": 0.4579710066318512,
  "10": 0.4446735382080078,
  "11": 0.0920502096414566,
  "12": 0.0,
  "13": 0.4697452187538147,
  "14": 0.7323943376541138,
  "15": 0.4482758641242981,
  "16": 0.9140975475311279,
  "17": 0.11330049484968185,
  "18": 0.4736842215061188,
  "19": 0.5727923512458801,
  "20": 0.6389776468276978,
  "21": 0.019607843831181526,
  "22": 0.4300518035888672,
  "23": 0.6584158539772034,
  "24": 0.5994413495063782,
  "25": 0.7242105007171631,
  "26": 0.6724303364753723,
  "27": 0.6810261607170105,
  "28": 0.8866268992424011,
  "29": 0.0,
  "30": 0.8831785917282104,
  "31": 0.4573991000652313,
  "32": 0.42168673872947693,
  "33": 0.44999998807907104,
  "34": 0.7065063714981079,
  "35": 0.0833333358168602,
  "36": 0.760765552520752,
  "37": 0.5446985363960266,
  "38": 0.7850467562675476,
  "39": 0.21561338007450104
}