{
  "0": 0.3888888955116272,
  "1": 0.2192513346672058,
  "2": 0.6302865147590637,
  "3": 0.24617737531661987,
  "4": 0.6837881207466125,
  "5": 0.5593900680541992,
  "6": 0.24758842587471008,
  "7": 0.28358209133148193,
  "8": 0.6096000075340271,
  "9": 0.4840579628944397,
  "10": 0.4522336721420288,
  "11": 0.10878661274909973,
  "12": 0.0,
  "13": 0.4904458522796631,
  "14": 0.7183098793029785,
  "15": 0.4597701132297516,
  "16": 0.9110432267189026,
  "17": 0.1428571492433548,
  "18": 0.4832535982131958,
  "19": 0.5871121883392334,
  "20": 0.6549520492553711,
  "21": 0.0,
  "22": 0.40673574805259705,
  "23": 0.6683168411254883,
  "24": 0.5916200876235962,
  "25": 0.7136842012405396,
  "26": 0.6618635654449463,
  "27": 0.6723136305809021,
  "28": 0.8827658891677856,
  "29": 0.0,
  "30": 0.8814510703086853,
  "31": 0.4495515823364258,
  "32": 0.4457831382751465,
  "33": 0.4272727370262146,
  "34": 0.7079207897186279,
  "35": 0.0833333358168602,
  "36": 0.7527910470962524,
  "37": 0.5031185150146484,
  "38": 0.7757009267807007,
  "39": 0.19330854713916779
}