model,best_val_acc,test_acc,macro_per_class_acc,best_epoch,epochs_ran,final_train_acc,final_val_acc,final_train_loss
GCN,0.7283801469847981,0.7200378577454066,0.4835664892103523,496,500,0.7398203015327454,0.7216013960200006,0.843663215637207
GAT,0.7284808215040773,0.7175071497644179,0.5126068017445504,465,500,0.7296158671379089,0.7210644652505117,0.8945835828781128
GPS,0.7067015671666834,0.6897310865584428,0.4794726697728038,353,453,0.7178610307781969,0.704721634954193,0.9099333064500752
