model,best_val_acc,test_acc,macro_per_class_acc,best_epoch,epochs_ran,final_train_acc,final_val_acc,final_train_loss
GCN,0.7286486123695426,0.720140732053577,0.48285419060848656,496,500,0.7399082779884338,0.722373234001141,0.8436528444290161
GAT,0.7242860498674453,0.7159434602802296,0.4803353134542704,281,361,0.7155628204345703,0.7048894258196584,0.9546789526939392
GPS,0.7097553609181516,0.6967471143756558,0.48093483415432275,315,415,0.7235240430608856,0.7077418705325682,0.8877689814427568
